Scopus ID,Source ID,ISSN(IA),eISSN(IA),ISBN(IA),Title,Creator,Publication Name,Cover Date,Cited by #,Type,Subtype,Article number (IA),Volume(IA),DOI(IA),Affiliation(IA)
85178346002,27241,00191035,10902643,,"Mars' atmosphere, volatiles, and climate as the sun heats up over the next 6 billion years",Jakosky B.M.,Icarus,2024-03-01,0,Journal,Article,115888,410,10.1016/j.icarus.2023.115888,University of Colorado Boulder-Boulder-United Statesx
85177535296,21101187491,,,9780309475785,"Origins, worlds, and life: A decadal strategy for planetary science and astrobiology 2023-2032",,"Origins, Worlds, and Life: A Decadal Strategy for Planetary Science and Astrobiology 2023-2032",2023-11-23,71,Book,Book,,,10.17226/26522,
85175994928,21100218107,,19422466,,Convection and Convective-Organization in Hothouse Climates,Dagan G.,Journal of Advances in Modeling Earth Systems,2023-11-01,0,Journal,Article,e2023MS003765,15,10.1029/2023MS003765,Hebrew University of Jerusalem-Jerusalem-Israelx
85171966620,22580,00128252,,,"Cycles of ∼32.5 My and ∼26.2 My in correlated episodes of continental flood basalts (CFBs), hyper-thermal climate pulses, anoxic oceans, and mass extinctions over the last 260 My: Connections between geological and astronomical cycles",Rampino M.R.,Earth-Science Reviews,2023-11-01,2,Journal,Review,104548,246,10.1016/j.earscirev.2023.104548,New York University-New York-United Statesx
85184313212,21101200075,,,9780191980343,The fundamental processes in ecology: Life and the earth system: Second edition,Wilkinson D.M.,The Fundamental Processes in Ecology: Life and the Earth System: Second Edition,2023-10-19,0,Book,Book,,,10.1093/oso/9780192884640.001.0001,University of Lincoln-Lincoln-United Kingdomx
85171876943,28261,00386308,15729672,,"Magma Ocean, Water, and the Early Atmosphere of Venus",Salvador A.,Space Science Reviews,2023-10-01,5,Journal,Review,51,219,10.1007/s11214-023-00995-7,The University of Arizona-Tucson-United Statesx
85179832159,21101057020,,26323338,,Earth as a Transiting Exoplanet: A Validation of Transmission Spectroscopy and Atmospheric Retrieval Methodologies for Terrestrial Exoplanets,Lustig-Yaeger J.,Planetary Science Journal,2023-09-01,2,Journal,Article,170,4,10.3847/PSJ/acf3e5,University of Washington-Seattle-United Statesx
85172927125,21100826864,,22251154,,The Detection and Attribution of Northern Hemisphere Land Surface Warming (1850–2018) in Terms of Human and Natural Factors: Challenges of Inadequate Data,Soon W.,Climate,2023-09-01,5,Journal,Article,179,11,10.3390/cli11090179,Center for Environmental Research and Earth Sciences (CERES)-Salem-United Statesx
85163981193,21100457028,,23752548,,"Why the day is 24 hours long: The history of Earth's atmospheric thermal tide, composition, and mean temperature",Wu H.,Science Advances,2023-07-07,0,Journal,Article,add2499,9,10.1126/sciadv.add2499,University of Toronto-Toronto-Canadax
85159109168,21100197947,22112855,,,Electrochemical direct CO<inf>2</inf> capture technology using redox-active organic molecules to achieve carbon-neutrality,Choi G.H.,Nano Energy,2023-07-01,3,Journal,Article,108512,112,10.1016/j.nanoen.2023.108512,Sungkyunkwan University-Seoul-South Koreax
85161847090,21101158407,,,9781003246251,Human extinction: A history of the science and ethics of annihilation,Torres É.P.,Human Extinction: A History of the Science and Ethics of Annihilation,2023-06-15,2,Book,Book,,,10.4324/9781003246251,
85162951719,21101160794,,,9781003328247,The agricultural sky: A concept to revolutionize farming,Krishna K.R.,The Agricultural Sky: A Concept to Revolutionize Farming,2023-06-02,0,Book,Book,,,10.1201/9781003328247,
85163191119,23045,00211753,15456994,,"One Small Step for Man, One Giant Leap for Moon Microbes? Interpretations of Risk and the Limits of Quarantine in NASA’s Apollo Program",Degroot D.,Isis,2023-06-01,0,Journal,Article,,114,10.1086/724888,"Georgetown University-Washington, D.C.-United Statesx"
85162905850,21100307458,,21508925,,Control efforts of crown-of-thorns starfish outbreaks to limit future coral decline across the Great Barrier Reef,Castro-Sanguino C.,Ecosphere,2023-06-01,3,Journal,Article,e4580,14,10.1002/ecs2.4580,The University of Queensland-Brisbane-Australiax
85159811064,22580,00128252,,,Natural climate change and glaciations,Walzer U.,Earth-Science Reviews,2023-06-01,0,Journal,Review,104435,241,10.1016/j.earscirev.2023.104435,Friedrich-Schiller-Universität Jena-Jena-Germanyx
85162863225,21101160643,,,9781668463680,Compilation of References,,"Multidisciplinary Approaches in AI, Creativity, Innovation, and Green Collaboration",2023-05-01,0,Book,Book Chapter,,,,
85160882064,21101155930,,,9781119828242,Sea ice: Physics and remote sensing,Shokr M.,Sea Ice: Physics and Remote Sensing,2023-04-21,2,Book,Book,,,,Environment and Climate Change Canada-Gatineau-Canadax
85152168776,13090,15311074,,,Land Fraction Diversity on Earth-like Planets and Implications for Their Habitability,Höning D.,Astrobiology,2023-04-01,1,Journal,Article,,23,10.1089/ast.2022.0070,Potsdam Institut fur Klimafolgenforschung-Potsdam-Germanyx
85152525998,27962,00948276,19448007,,Impact Induced Oxidation and Its Implications for Early Mars Climate,Pan L.,Geophysical Research Letters,2023-03-28,1,Journal,Article,e2023GL102724,50,10.1029/2023GL102724,University of Science and Technology of China-Hefei-Chinax
85150348860,4700152725,14735504,14753006,,Planetary geodynamics and age constraints on circumstellar habitable zones around main sequence stars,Mello F.D.S.,International Journal of Astrobiology,2023-03-14,0,Journal,Article,,827,10.1017/S1473550423000083,Universidade de São Paulo-Sao Paulo-Brazilx
85166757764,21101057020,,26323338,,Constraints on the Size and Composition of the Ancient Martian Atmosphere from Coupled CO<inf>2</inf>-N<inf>2</inf>-Ar Isotopic Evolution Models,Thomas T.B.,Planetary Science Journal,2023-03-01,1,Journal,Article,41,4,10.3847/PSJ/acb924,University of Washington-Seattle-United Statesx
85148691861,28261,00386308,15729672,,The Habitability of Venus,Westall F.,Space Science Reviews,2023-03-01,6,Journal,Review,17,219,10.1007/s11214-023-00960-4,CBM Centre de Biophysique Moléculaire-Orleans-Francex
85145973887,17544,01418130,18790003,,Marine enzymes: Classification and application in various industries,Ghattavi S.,International Journal of Biological Macromolecules,2023-03-01,12,Journal,Review,123136,230,10.1016/j.ijbiomac.2023.123136,University of Hormozgan-Bandar Abbas-Iranx
85146097810,22580,00128252,,,Multi-scale ocean dynamical processes in the Indo-Pacific Convergence Zone and their climatic and ecological effects,Du Y.,Earth-Science Reviews,2023-02-01,7,Journal,Review,104313,237,10.1016/j.earscirev.2023.104313,South China Sea Institute of Oceanology-Guangzhou-Chinax
85185992491,21101202903,,,9780197689943,The Dimming of Starlight: The Philosophy of Space Exploration,Munévar G.,The Dimming of Starlight: The Philosophy of Space Exploration,2023-01-01,1,Book,Book,,,10.1093/oso/9780197689912.001.0001,
85184112462,21101199840,,,9780323956406,Sustainability Science: Managing Risk and Resilience for Sustainable Development,Becker P.,Sustainability Science: Managing Risk and Resilience for Sustainable Development,2023-01-01,0,Book,Book,,,10.1016/C2021-0-03020-0,Lunds Universitet-Lund-Swedenx
85175381563,21101185041,,,9781000969283,Advanced Non-Thermal Power Generation Systems,Shah Y.T.,Advanced Non-Thermal Power Generation Systems,2023-01-01,0,Book,Book,,,10.1201/9781003429906,Swanson School of Engineering-Pittsburgh-United Statesx
85173323781,21101181265,,,9789811986611,"Natural Resource Degradation and Human-Nature Wellbeing: Cases of Biodiversity Resources, Water Resources, and Climate Change",Mahmud Titumir R.A.,"Natural Resource Degradation and Human-Nature Wellbeing: Cases of Biodiversity Resources, Water Resources, and Climate Change",2023-01-01,1,Book,Book,,,10.1007/978-981-19-8661-1,University of Dhaka-Dhaka-Bangladeshx
85171018566,21101177282,,,9783031237096,The Trials of Gaia: Milestones in the Evolution of Earth with Reference to the Anthropocene,Glikson A.Y.,The Trials of Gaia: Milestones in the Evolution of Earth with Reference to the Anthropocene,2023-01-01,0,Book,Book,,,10.1007/978-3-031-23709-6,UNSW Sydney-Sydney-Australiax
85169396087,21101175120,,,9780128206003,Pipelines: Emerging Technologies and Design Criteria,Islam M.R.,Pipelines: Emerging Technologies and Design Criteria,2023-01-01,0,Book,Book,,,10.1016/C2019-0-00941-7,Emertec Research and Development Limited-United Statesx
85169361626,21101175030,,,9783031162770,The Blue Compendium: From Knowledge to Action for a Sustainable Ocean Economy,Lubchenco J.,The Blue Compendium: from Knowledge to Action for a Sustainable Ocean Economy,2023-01-01,6,Book,Book,,,10.1007/978-3-031-16277-0,Oregon State University-Corvallis-United Statesx
85169344585,21101174940,,,9781000921465,"The Shaping of Greenland’s Resource Spaces: Environment, Territory, Geo-Security",Nuttall M.,"The Shaping of Greenland’s Resource Spaces: Environment, Territory, Geo-Security",2023-01-01,0,Book,Book,,,10.4324/9781003175421,University of Alberta-Edmonton-Canadax
85165480752,21100232822,,22558837,,Sustaining a Mars Colony through Integration of Single-Cell Oil in Biological Life Support Systems,Spalvins K.,Environmental and Climate Technologies,2023-01-01,0,Journal,Article,,27,10.2478/rtuect-2023-0026,Riga Technical University-Riga-Latviax
85160173046,21101153945,,,9783031151798,Desert Landscapes of the World with Google Earth,Goudie A.,Desert Landscapes of the World with Google Earth,2023-01-01,1,Book,Book,,,10.1007/978-3-031-15179-8,Oxford Social Sciences Division-Oxford-United Kingdomx
85159097896,21101158353,,,9783031100352,"2000 Years of Pandemics: Past, Present, and Future",Ferreira C.,"2000 Years of Pandemics: Past, Present, and Future",2023-01-01,1,Book,Book,,,10.1007/978-3-031-10035-2,
85150147100,21101141375,,,9780323911481,"Ticks: Biology, Ecology, and Diseases",Johnson N.,"Ticks: Biology, Ecology, and Diseases",2023-01-01,0,Book,Book,,,10.1016/C2021-0-00008-0,Animal and Plant Health Agency-Addlestone-United Kingdomx
85144127409,21100798718,,22962565,,Communicating ocean and human health connections: An agenda for research and practice,Reamer M.B.,Frontiers in Public Health,2022-12-02,0,Journal,Review,1033905,10,10.3389/fpubh.2022.1033905,Rosenstiel School of Marine and Atmospheric Science-Miami-United Statesx
85129461039,19700182758,,20411723,,Culling corallivores improves short-term coral recovery under bleaching scenarios,Rogers J.G.D.,Nature Communications,2022-12-01,3,Journal,Article,2520,13,10.1038/s41467-022-30213-x,Commonwealth Scientific and Industrial Research Organisation-Canberra-Australiax
85143151672,26765,0004637X,15384357,,Climate of High-obliquity Exoterrestrial Planets with a Three-dimensional Cloud System Resolving Climate Model,Kodama T.,Astrophysical Journal,2022-11-01,1,Journal,Article,87,940,10.3847/1538-4357/ac98ae,The University of Tokyo-Tokyo-Japanx
85137459151,15131,13541013,13652486,,Emerging biological archives can reveal ecological and climatic change in Antarctica,Strugnell J.M.,Global Change Biology,2022-11-01,7,Journal,Review,,28,10.1111/gcb.16356,James Cook University-Townsville-Australiax
85174784088,12074,00030007,15200477,,STATE OF THE CLIMATE IN 2021,Blunden J.,Bulletin of the American Meteorological Society,2022-08-01,6,Journal,Article,,103,10.1175/2022BAMSStateoftheClimate.1,"National Oceanic and Atmospheric Administration-Washington, D.C.-United Statesx"
85140764779,12074,00030007,15200477,,GLOBAL CLIMATE,Ades M.,Bulletin of the American Meteorological Society,2022-08-01,12,Journal,Article,,103,10.1175/BAMS-D-22-0092.1,European Centre for Medium-Range Weather Forecasts-Reading-United Kingdomx
85137330125,21100237615,,20503911,,Review of Particle Physics,Workman R.L.,Progress of Theoretical and Experimental Physics,2022-08-01,1692,Journal,Review,083C01,2022,10.1093/ptep/ptac097,"The George Washington University-Washington, D.C.-United Statesx"
85135052469,21101038510,21699097,21699100,,Growth and Evolution of Secondary Volcanic Atmospheres: I. Identifying the Geological Character of Hot Rocky Planets,Liggins P.,Journal of Geophysical Research: Planets,2022-07-01,15,Journal,Article,e2021JE007123,127,10.1029/2021JE007123,University of Cambridge-Cambridge-United Kingdomx
85132306305,11700154363,19940416,19940424,,"Chronostratigraphy of the Larsen blue-ice area in northern Victoria Land, East Antarctica, and its implications for paleoclimate",Lee G.,Cryosphere,2022-06-15,1,Journal,Article,,16,10.5194/tc-16-2301-2022,Seoul National University-Seoul-South Koreax
85130815241,21100457028,,23752548,,Changing spatial distribution of water flow charts major change in Mars’s greenhouse effect,Kite E.S.,Science Advances,2022-05-01,6,Journal,Article,eabo5894,8,10.1126/sciadv.abo5894,The University of Chicago-Chicago-United Statesx
85127829714,28261,00386308,15729672,,The Exosphere as a Boundary: Origin and Evolution of Airless Bodies in the Inner Solar System and Beyond Including Planets with Silicate Atmospheres,Lammer H.,Space Science Reviews,2022-04-01,6,Journal,Review,15,218,10.1007/s11214-022-00876-5,Institut fur Weltraumforschung-Graz-Austriax
85126024407,21100873858,,23984902,,Recent developments in state-of-the-art silica-modified catalysts for the fixation of CO<inf>2</inf>in epoxides to form organic carbonates,Raju N.A.,Sustainable Energy and Fuels,2022-03-07,23,Journal,Review,,6,10.1039/d1se01916c,JAIN (Deemed-to-be University)-Bengaluru-Indiax
85129617615,21101057020,,26323338,,Detectability of Chlorofluorocarbons in the Atmospheres of Habitable M-dwarf Planets,Haqq-Misra J.,Planetary Science Journal,2022-03-01,9,Journal,Article,60,3,10.3847/PSJ/ac5404,Blue Marble Space Institute of Science-Seattle-United Statesx
85124094905,26750,00046361,14320746,,Planetary climate under extremely high vertical diffusivity,Si Y.,Astronomy and Astrophysics,2022-02-01,1,Journal,Article,A33,658,10.1051/0004-6361/202140778,Peking University-Beijing-Chinax
85169346768,21101174906,,,9780323904407,"Radioactivity: History, Science, Vital Uses and Ominous Peril",L'Annunziata M.F.,"Radioactivity: History, Science, Vital Uses and Ominous Peril",2022-01-01,0,Book,Book,,,10.1016/C2020-0-02208-5,"International Atomic Energy Agency, Vienna-Vienna-Austriax"
85162637132,21101159436,,,9781800611146,Man Versus Microbe: What Will It Take to Win?,Bremner B.,Man Versus Microbe: What Will It Take to Win?,2022-01-01,0,Book,Book,,,10.1142/q0329,Bloomberg News-United Kingdomx
85161920927,21101158524,,,9783030881566,Global Governance in the Age of the Anthropocene,Fraundorfer M.,Global Governance in the Age of the Anthropocene,2022-01-01,2,Book,Book,,,10.1007/978-3-030-88156-6,University of Leeds-Leeds-United Kingdomx
85150096294,21101141058,,,9780323957175,Water Worlds in the Solar System,Joseph A.,Water Worlds in the Solar System,2022-01-01,0,Book,Book,,,10.1016/C2022-0-00077-5,
85139623250,21101113297,,,9781000610512,"A Most Improbable Story: The Evolution of the Universe, Life, and Humankind",Theroux S.J.,"A Most Improbable Story: The Evolution of the Universe, Life, and Humankind",2022-01-01,0,Book,Book,,,10.1201/9781003270294,Harvard University-Cambridge-United Statesx
85138934719,21101110360,,,9780128235003,Role of essential climate variables and black carbon in climate change: Possible mitigation strategies,Sharma R.,"Biomass, Biofuels, Biochemicals: Climate Change Mitigation: Sequestration of Green House Gases",2022-01-01,0,Book,Book Chapter,,,10.1016/B978-0-12-823500-3.00005-4,Jawaharlal Nehru University-New Delhi-Indiax
85138340369,21101109321,,,9780128170946,Sundarban Mangrove Wetland (A UNESCO World Heritage Site): A Comprehensive Global Treatise,Sarkar S.K.,Sundarban Mangrove Wetland (A UNESCO World Heritage Site): A Comprehensive Global Treatise,2022-01-01,0,Book,Book,,,10.1016/C2018-0-01383-3,University of Calcutta-Kolkata-Indiax
85136350085,21101154001,,,9789811240492,Sustainable Development: The Roles of Carbon and Bio-Carbon: An Introduction to Molecular Sciences,Vogel P.,Sustainable Development: The Roles of Carbon and Bio-Carbon: An Introduction to Molecular Sciences,2022-01-01,1,Book,Book,,,10.1142/12374,École Polytechnique Fédérale de Lausanne-Lausanne-Switzerlandx
85123830621,21100264002,,20457758,,Toward a conceptual framework for managing and conserving marine habitats: A case study of kelp forests in the Salish Sea,Hollarsmith J.A.,Ecology and Evolution,2022-01-01,5,Journal,Article,e8510,12,10.1002/ece3.8510,Simon Fraser University-Burnaby-Canadax
85120995023,22580,00128252,,,A review of methods used to test periodicity of natural processes with a special focus on harmonic periodicities found in global U–Pb detrital zircon age distributions,Puetz S.J.,Earth-Science Reviews,2022-01-01,10,Journal,Review,103885,224,10.1016/j.earscirev.2021.103885,Progressive Science Institute-Honolulu-United Statesx
85118584595,12207,00224073,,,The HITRAN2020 molecular spectroscopic database,Gordon I.E.,Journal of Quantitative Spectroscopy and Radiative Transfer,2022-01-01,735,Journal,Article,107949,277,10.1016/j.jqsrt.2021.107949,Harvard-Smithsonian Center for Astrophysics-Cambridge-United Statesx
85121244384,27424,09927689,14320576,,Predictability of variable solar-terrestrial coupling,Daglis I.A.,Annales Geophysicae,2021-12-10,12,Journal,Review,,39,10.5194/angeo-39-1013-2021,Hellenic Space Center-Athens-Greecex
85121662215,21100808642,,20799276,,Ensuring the sustainability of arctic industrial facilities under conditions of global climate change,Buslaev G.,Resources,2021-12-01,18,Journal,Article,128,10,10.3390/resources10120128,Saint Petersburg Mining University-Saint Petersburg-Russian Federationx
85120636016,97647,00310220,18676812,,Habitability of the early Earth: liquid water under a faint young Sun facilitated by strong tidal heating due to a closer Moon,Heller R.,PalZ,2021-12-01,8,Journal,Article,,95,10.1007/s12542-021-00582-7,Max Planck Institute for Solar System Research-Gottingen-Germanyx
85119277699,13255,00063185,19398697,,"Knowledge Gaps in the Biology, Ecology, and Management of the Pacific Crown-of-Thorns Sea Star Acanthaster sp. on Australia’s Great Barrier Reef",Pratchett M.S.,Biological Bulletin,2021-12-01,25,Journal,Article,,241,10.1086/717026,James Cook University-Townsville-Australiax
85114471940,27241,00191035,10902643,,Mars’ atmospheric neon suggests volatile-rich primitive mantle,Kurokawa H.,Icarus,2021-12-01,7,Journal,Article,114685,370,10.1016/j.icarus.2021.114685,Tokyo Institute of Technology-Tokyo-Japanx
85105006212,19700173023,23673648,16144961,,Solar structure and evolution,Christensen-Dalsgaard J.,Living Reviews in Solar Physics,2021-12-01,53,Journal,Review,2,18,10.1007/s41116-020-00028-3,Aarhus Universitet-Aarhus-Denmarkx
85101686023,21100843270,,21974284,,A review of the SCOSTEP’s 5-year scientific program VarSITI—Variability of the Sun and Its Terrestrial Impact,Shiokawa K.,Progress in Earth and Planetary Science,2021-12-01,9,Journal,Review,21,8,10.1186/s40645-021-00410-1,Nagoya University-Nagoya-Japanx
85119622662,21101038708,,26666758,,Technologies and perspectives for achieving carbon neutrality,Wang F.,Innovation,2021-11-28,538,Journal,Review,100180,2,10.1016/j.xinn.2021.100180,Chinese Academy of Sciences-Beijing-Chinax
85118529095,21206,00280836,14764687,,Episodic deluges in simulated hothouse climates,Seeley J.T.,Nature,2021-11-04,11,Journal,Article,,599,10.1038/s41586-021-03919-z,Harvard University-Cambridge-United Statesx
85118239948,26771,0004640X,1572946X,,On the relation of the lunar recession and the length-of-the-day,Maeder A.M.,Astrophysics and Space Science,2021-10-01,2,Journal,Review,101,366,10.1007/s10509-021-04004-7,Faculty of Science-Geneva-Switzerlandx
85115179498,12074,00030007,15200477,,Global climate,Dunn R.J.H.,Bulletin of the American Meteorological Society,2021-08-01,23,Journal,Review,,102,10.1175/BAMS-D-21-0098.1,Met Office-Exeter-United Kingdomx
85108072887,13048,07224060,14322056,,Using correlative and mechanistic niche models to assess the sensitivity of the Antarctic echinoid Sterechinus neumayeri to climate change,Fabri-Ruiz S.,Polar Biology,2021-08-01,2,Journal,Article,,44,10.1007/s00300-021-02886-5,Université Libre de Bruxelles-Brussels-Belgiumx
85117284995,28218,00358711,13652966,,Characteristics of aquatic biospheres on temperate planets around Sun-like stars and M dwarfs,Lingam M.,Monthly Notices of the Royal Astronomical Society,2021-05-01,5,Journal,Article,,503,10.1093/mnras/stab611,Harvard University-Cambridge-United Statesx
85101780932,21101038510,21699097,21699100,,The Fundamental Connections between the Solar System and Exoplanetary Science,Kane S.R.,Journal of Geophysical Research: Planets,2021-02-01,14,Journal,Review,e2020JE006643,126,10.1029/2020JE006643,"University of California, Riverside-Riverside-United Statesx"
85096627510,29784,1364503X,,,The lunar surface as a recorder of astrophysical processes: Astronomical events recorded by the Moon,Crawford I.A.,"Philosophical Transactions of the Royal Society A: Mathematical, Physical and Engineering Sciences",2021-01-11,13,Journal,Review,20190562,379,10.1098/rsta.2019.0562,"Birkbeck, University of London-London-United Kingdomx"
85137113127,21101159672,,,9783030590758,Life and Its Future,Adams J.C.,Life and its Future,2021-01-01,0,Book,Book,,,10.1007/978-3-030-59075-8,University of Bristol-Bristol-United Kingdomx
85133922919,21101105470,,,9780128228616,Transcriptomic and metatranscriptomic approaches in phytoplankton: insights and advances,Kolody B.C.,Advances in Phytoplankton Ecology: Applications of Emerging Technologies,2021-01-01,1,Book,Book Chapter,,,10.1016/B978-0-12-822861-6.00022-4,"University of California, Berkeley-Berkeley-United Statesx"
85125312505,21101077933,,,9781789246735,"Tourism, Climate Change and the Geopolitics of Arctic Development: The Critical Case of Greenland",Hall D.,"Tourism, Climate Change and the Geopolitics of Arctic Development : The Critical Case of Greenland",2021-01-01,4,Book,Book,,,10.1079/9781789246728.0000,Seabank Associates-Scotland-United Kingdomx
85118237903,21101103647,,,9780128223307,Ocean Acidification and Marine Wildlife: Physiological and Behavioral Impacts,Liu G.,Ocean Acidification and Marine Wildlife: Physiological and Behavioral Impacts,2021-01-01,3,Book,Book,,,10.1016/C2019-0-04274-4,College of Animal Sciences at Zhejiang University-Hangzhou-Chinax
85117129628,21101143487,,,9783030747138,"Climate, Planetary and Evolutionary Sciences: A Machine-Generated Literature Overview",Visconti G.,"Climate, Planetary and Evolutionary Sciences: A Machine-Generated Literature Overview",2021-01-01,2,Book,Book,,,10.1007/978-3-030-74713-8,"Accademia Nazionale dei Lincei, Italy-Rome-Italyx"
85104432884,21101043003,,,9781000380040,Imagining climate engineering: Dreaming of the designer climate,Oomen J.,Imagining Climate Engineering: Dreaming of the Designer Climate,2021-01-01,11,Book,Book,,,10.4324/9781003043553,Universiteit Utrecht-Utrecht-Netherlandsx
85102467423,21101092324,,,9780190946265,"The Survival Nexus: Science, Technology, and World Affairs",Weiss C.,"The Survival Nexus: Science, Technology, and World Affairs",2021-01-01,5,Book,Book,,,10.1093/oso/9780190946265.001.0001,
85093848252,28261,00386308,15729672,,"Future Missions Related to the Determination of the Elemental and Isotopic Composition of Earth, Moon and the Terrestrial Planets",Dandouras I.,Space Science Reviews,2020-12-01,8,Journal,Review,121,216,10.1007/s11214-020-00736-0,Université Toulouse III - Paul Sabatier-Toulouse-Francex
85084203377,21100200805,,20452322,,A Complex Life Habitable Zone Based On Lipid Solubility Theory,Ramirez R.M.,Scientific Reports,2020-12-01,6,Journal,Article,7432,10,10.1038/s41598-020-64436-z,Space Science Institute-Boulder-United Statesx
85096174911,86430,,20724292,,Characterization of stratospheric smoke particles over the antarctica by remote sensing instruments,González R.,Remote Sensing,2020-11-02,8,Journal,Article,3769,12,10.3390/rs12223769,Universidad de Valladolid-Valladolid-Spainx
85096526518,27202,,20751729,,"Six ‘must-have’ minerals for life’s emergence: olivine, pyrrhotite, bridgmanite, serpentine, fougerite and mackinawite",Russell M.J.,Life,2020-11-01,20,Journal,Article,291,10,10.3390/life10110291,Università degli Studi di Torino-Turin-Italyx
85097522302,21101109615,,,9783110629941,"Quantum electrodynamics of photosynthesis: Mathematical description of light, life and matter",Braun B.,"Quantum Electrodynamics of Photosynthesis: Mathematical Description of Light, Life and Matter",2020-10-12,3,Book,Book,,,10.1515/9783110629941,Empa - Swiss Federal Laboratories for Materials Science and Technology-Dubendorf-Switzerlandx
85099757884,21100297619,22237755,22242759,,Origins and early evolution of the atmosphere and the oceans,Marty B.,Geochemical Perspectives,2020-10-01,9,Journal,Review,,9,10.7185/GEOCHEMPERSP.9.2,Université de Lorraine-Nancy-Francex
85093963806,27781,00046280,,,Solar system physics for exoplanet research,Horner J.,Publications of the Astronomical Society of the Pacific,2020-10-01,29,Journal,Article,102001,132,10.1088/1538-3873/ab8eb9,University of Southern Queensland-Toowoomba-Australiax
85088505227,26825,07224028,14320975,,Suppressing the next crown-of-thorns outbreak on the Great Barrier Reef,Babcock R.C.,Coral Reefs,2020-10-01,14,Journal,Article,,39,10.1007/s00338-020-01978-8,Commonwealth Scientific and Industrial Research Organisation-Canberra-Australiax
85089896636,21101038512,21699380,21699402,,Atmospheric Escape Processes and Planetary Atmospheric Evolution,Gronoff G.,Journal of Geophysical Research: Space Physics,2020-08-01,57,Journal,Article,e2019JA027639,125,10.1029/2019JA027639,NASA Langley Research Center-Hampton-United Statesx
85088468787,28261,00386308,15729672,,Possible Atmospheric Diversity of Low Mass Exoplanets – Some Central Aspects,Grenfell J.L.,Space Science Reviews,2020-08-01,12,Journal,Review,98,216,10.1007/s11214-020-00716-4,Deutsches Zentrum für Luft- und Raumfahrt (DLR)-Koln-Germanyx
85087427462,28261,00386308,15729672,,Is the Faint Young Sun Problem for Earth Solved?,Charnay B.,Space Science Reviews,2020-08-01,27,Journal,Review,90,216,10.1007/s11214-020-00711-9,L'Observatoire de Paris-Paris-Francex
85086843015,26765,0004637X,15384357,,"Thermodynamic and Energetic Limits on Continental Silicate Weathering Strongly Impact the Climate and Habitability of Wet, Rocky Worlds",Graham R.J.,Astrophysical Journal,2020-06-20,28,Journal,Article,115,896,10.3847/1538-4357/ab9362,University of Oxford-Oxford-United Kingdomx
85085392069,28218,00358711,13652966,,The effect of high nitrogen pressures on the habitable zone and an appraisal of greenhouse states,Ramirez R.M.,Monthly Notices of the Royal Astronomical Society,2020-05-01,8,Journal,Article,,494,10.1093/mnras/staa603,Space Science Institute-Boulder-United Statesx
85084849505,21101038510,21699097,21699100,,Venusian Habitable Climate Scenarios: Modeling Venus Through Time and Applications to Slowly Rotating Venus-Like Exoplanets,Way M.J.,Journal of Geophysical Research: Planets,2020-05-01,98,Journal,Article,e2019JE006276,125,10.1029/2019JE006276,GSFC Sellers Exoplanet Environments Collaboration-Greenbelt-United Statesx
85079427103,15131,13541013,13652486,,Benthic ecoregionalization based on echinoid fauna of the Southern Ocean supports current proposals of Antarctic Marine Protected Areas under IPCC scenarios of climate change,Fabri-Ruiz S.,Global Change Biology,2020-04-01,14,Journal,Article,,26,10.1111/gcb.14988,Université Libre de Bruxelles-Brussels-Belgiumx
85140133966,21101114751,,,9783110561340,"History, change and sustainability",Möller D.,"History, Change and Sustainability",2020-03-09,0,Book,Book,,,10.1515/9783110561340,Brandenburgische Technische Universität Cottbus-Cottbus-Germanyx
85089251444,21101049051,,2662138X,,Probing space to understand Earth,Lapôtre M.G.A.,Nature Reviews Earth and Environment,2020-03-01,25,Journal,Review,,1,10.1038/s43017-020-0029-y,Stanford University-Stanford-United Statesx
85081949941,28261,00386308,15729672,,Mission to Planet Earth: The First Two Billion Years,Stüeken E.E.,Space Science Reviews,2020-03-01,18,Journal,Review,31,216,10.1007/s11214-020-00652-3,Virtual Planetary Laboratory-Seattle-United Statesx
85079768553,16100154770,17400228,17400236,,A benchmark for the environment: Big science and 'artificial' geophysics in the global 1950s,Goossen B.W.,Journal of Global History,2020-03-01,6,Journal,Review,,15,10.1017/S1740022819000378,Harvard University-Cambridge-United Statesx
85081648511,84932,0023074X,20959419,,Overview and perspectives of Astrobiology,Lin W.,Kexue Tongbao/Chinese Science Bulletin,2020-02-15,7,Journal,Article,,65,10.1360/TB-2019-0396,Chinese Academy of Sciences-Beijing-Chinax
85119028107,21101065434,,,9781845417673,"Sustainable tourism: Principles, contexts and practices",Fennell D.A.,"Sustainable Tourism: Principles, Contexts and Practices",2020-01-30,32,Book,Book,,,10.21832/FENNEL7666,Brock University-St. Catharines-Canadax
85125351246,21101077911,,,9780128146088,Biogeochemistry: An Analysis of Global Change,Schlesinger W.H.,Biogeochemistry: An Analysis of Global Change,2020-01-01,66,Book,Book,,,10.1016/B978-0-12-814608-8.09991-6,Duke University-Durham-United Statesx
85116415036,21101151842,25100475,25100483,,Trace Gases in the Arctic Atmosphere,Strong K.,Springer Polar Sciences,2020-01-01,1,Book Series,Book Chapter,,,10.1007/978-3-030-33566-3_3,University of Toronto-Toronto-Canadax
85106802549,26704,00046256,,,Quantifying the Influence of Jupiter on the Earth's Orbital Cycles,Horner J.,Astronomical Journal,2020-01-01,5,Journal,Article,ab5365,159,10.3847/1538-3881/ab5365,University of Southern Queensland-Toowoomba-Australiax
85094867637,21100847472,,25436376,,"Seeding the Solar System with Life: Mars, Venus, Earth, Moon, Protoplanets",Joseph R.G.,Open Astronomy,2020-01-01,2,Journal,Article,,29,10.1515/astro-2020-0019,Astrobiology Research Center-Stanford-United Statesx
85094864943,19700182336,16877969,16877977,,"Oceans, Lakes, and Stromatolites on Mars",Joseph R.G.,Advances in Astronomy,2020-01-01,6,Journal,Article,6959532,2020,10.1155/2020/6959532,Astrobiology Research Center-Stanford-United Statesx
85093951505,28372,00783218,,,Priority species to support the functional integrity of coral reefs,Wolfe K.,Oceanography and Marine Biology,2020-01-01,27,Book Series,Article,,58,10.1201/9780429351495-5,The University of Queensland-Brisbane-Australiax
85071964725,27241,00191035,10902643,,The environmental effects of very large bolide impacts on early Mars explored with a hierarchy of numerical models,Turbet M.,Icarus,2020-01-01,27,Journal,Article,113419,335,10.1016/j.icarus.2019.113419,Sorbonne Université-Paris-Francex
85076288251,21100457028,,23752548,,Antarctic environmental change and biological responses,Convey P.,Science Advances,2019-11-27,211,Journal,Review,eaaz0888,5,10.1126/sciadv.aaz0888,British Antarctic Survey-Cambridge-United Kingdomx
85074891805,21101038510,21699097,21699100,,Through the Thick and Thin: New Constraints on Mars Paleopressure History 3.8 – 4 Ga from Small Exhumed Craters,Warren A.O.,Journal of Geophysical Research: Planets,2019-11-01,14,Journal,Article,,124,10.1029/2019JE006178,The University of Chicago-Chicago-United Statesx
85071028324,28261,00386308,15729672,,Geoscience for Understanding Habitability in the Solar System and Beyond,Dehant V.,Space Science Reviews,2019-09-01,14,Journal,Review,42,215,10.1007/s11214-019-0608-8,Université Catholique de Louvain-Louvain-la-Neuve-Belgiumx
85057595811,22704,00447447,16547209,,Ecological and functional consequences of coastal ocean acidification: Perspectives from the Baltic-Skagerrak System,Havenhand J.N.,Ambio,2019-08-15,11,Journal,Review,,48,10.1007/s13280-018-1110-3,Sven Lovén Centrum för Marin Infrastruktur-Fiskebackskil-Swedenx
85071973746,26765,0004637X,15384357,,Atmospheric Evolution on Low-gravity Waterworlds,Arnscheidt C.W.,Astrophysical Journal,2019-08-10,9,Journal,Article,60,881,10.3847/1538-4357/ab2bf2,Massachusetts Institute of Technology-Cambridge-United Statesx
85069197856,13090,15311074,,,The Role of N<inf>2</inf> as a Geo-Biosignature for the Detection and Characterization of Earth-like Habitats,Lammer H.,Astrobiology,2019-07-01,36,Journal,Article,,19,10.1089/ast.2018.1914,Institut fur Weltraumforschung-Graz-Austriax
85070719215,29719,00346861,15390756,,Colloquium: Physical constraints for the evolution of life on exoplanets,Lingam M.,Reviews of Modern Physics,2019-06-11,41,Journal,Article,021002,91,10.1103/RevModPhys.91.021002,Harvard University-Cambridge-United Statesx
85062939883,22566,0012821X,,,A shorter Archean day-length biases interpretations of the early Earth's climate,Spalding C.,Earth and Planetary Science Letters,2019-05-15,6,Journal,Article,,514,10.1016/j.epsl.2019.02.032,Yale University-New Haven-United Statesx
85063694222,22580,00128252,,,Is Earth special?,Waltham D.,Earth-Science Reviews,2019-05-01,3,Journal,Review,,192,10.1016/j.earscirev.2019.02.008,"Royal Holloway, University of London-Egham-United Kingdomx"
85065225331,26765,0004637X,15384357,,What Factors Affect the Duration and Outgassing of the Terrestrial Magma Ocean?,Nikolaou A.,Astrophysical Journal,2019-04-10,49,Journal,Article,11,875,10.3847/1538-4357/ab08ed,Deutsches Zentrum für Luft- und Raumfahrt (DLR)-Koln-Germanyx
85063000677,12604,00030147,,,Nighttime ecology: The “nocturnal problem” revisited,Gaston K.J.,American Naturalist,2019-04-01,67,Journal,Article,,193,10.1086/702250,Institute for Advanced Study-Berlin-Germanyx
85098021022,21101032340,,,9781107358225,"Zonal jets: Phenomenology, genesis, and physics",Galperin B.,"Zonal Jets: Phenomenology, Genesis, and Physics",2019-02-26,44,Book,Book,,,10.1017/9781107358225,"University of South Florida, Tampa-Tampa-United Statesx"
85081929246,21100972343,,,9780128176900,Sustainable development for mass urbanization,Faruque Hossain M.,Sustainable Development for Mass Urbanization,2019-01-01,2,Book,Book,,,10.1016/C2018-0-02563-3,Green Globe Technology-Flushing-United Statesx
85073052511,12074,00030007,,,State of the climate in 2018,Ades M.,Bulletin of the American Meteorological Society,2019-01-01,64,Journal,Review,,100,10.1175/2019BAMSStateoftheClimate.1,European Centre for Medium-Range Weather Forecasts-Reading-United Kingdomx
85070851551,21101104892,,,9781108677691,"Exploring Planetary Climate: A History of Scientific Discovery on Earth, Mars, Venus and Titan",Lorenz R.D.,"Exploring Planetary Climate: A History of Scientific Discovery on Earth, Mars, Venus and Titan",2019-01-01,9,Book,Book,,,10.1017/9781108677691,Johns Hopkins University Applied Physics Laboratory-Laurel-United Statesx
85070082906,4700152725,14735504,14753006,,Impact of space weather on climate and habitability of terrestrial-type exoplanets,Airapetian V.S.,International Journal of Astrobiology,2019-01-01,69,Journal,Article,,,10.1017/S1473550419000132,"National Aeronautics and Space Administration-Washington, D.C.-United Statesx"
85067086114,4700152725,14735504,14753006,,The end of life on Earth is not the end of the world: Converging to an estimate of life span of the biosphere?,Mello F.,International Journal of Astrobiology,2019-01-01,7,Journal,Article,,,10.1017/S1473550419000120,Universidade de São Paulo-Sao Paulo-Brazilx
85064098647,21100903135,,,9783030106034,From stars to brains: Milestones in the planetary evolution of life and intelligence,Glikson A.Y.,From Stars to Brains: Milestones in the Planetary Evolution of Life and Intelligence,2019-01-01,2,Book,Book,,,10.1007/978-3-030-10603-4,The Australian National University-Canberra-Australiax
85061192274,28261,00386308,15729672,,Geologic Constraints on Early Mars Climate,Kite E.S.,Space Science Reviews,2019-01-01,83,Journal,Review,10,215,10.1007/s11214-018-0575-5,The University of Chicago-Chicago-United Statesx
85054420083,4900152709,16108957,16131851,,Exoplanetary biosignatures for astrobiology,Grenfell J.L.,Advances in Astrobiology and Biogeophysics,2019-01-01,0,Book Series,Book Chapter,,,10.1007/978-3-319-96175-0_11,Deutsches Zentrum für Luft- und Raumfahrt (DLR)-Koln-Germanyx
85072823577,21100924379,,20763298,,Understanding land–atmosphere–climate coupling from the Canadian prairie dataset,Betts A.K.,Environments - MDPI,2018-12-01,1,Journal,Article,129,5,10.3390/environments5120129,Atmospheric Research-United Statesx
85086425432,21100996918,,,9783319553337,Biosignature false positives,Harman C.E.,Handbook of Exoplanets,2018-11-03,3,Book,Book Chapter,,,10.1007/978-3-319-55333-7_71,NASA Astrobiology Institute's Virtual Planetary Laboratory-Seattle-United Statesx
85055674363,21100897180,,,9789813223127,Photosynthesis: Solar energy for life,Shevela D.,Photosynthesis: Solar Energy For Life,2018-11-02,38,Book,Book,,,,Tsiolkovskiy Kaluga State University-Kaluga-Russian Federationx
85046792584,26756,09354956,,,"Origin and evolution of the atmospheres of early Venus, Earth and Mars",Lammer H.,Astronomy and Astrophysics Review,2018-11-01,127,Journal,Review,2,26,10.1007/s00159-018-0108-y,Institut fur Weltraumforschung-Graz-Austriax
85051501960,28218,00358711,13652966,,Exploring exomoon atmospheres with an idealized general circulation model,Haqq-Misra J.,Monthly Notices of the Royal Astronomical Society,2018-09-21,7,Journal,Article,,479,10.1093/mnras/sty1630,Blue Marble Space Institute of Science-Seattle-United Statesx
85063033474,21100901636,,,9783319993713,Second-order learning in developmental evaluation: New methods for complex conditions,Mitchell A.,Second-order Learning in Developmental Evaluation: New Methods for Complex Conditions,2018-09-14,4,Book,Book,,,10.1007/9783319993713,ADAPT Management-Leicester-United Kingdomx
85052286157,4000148503,17351472,17352630,,Methane oxidation capacity of methanotrophs isolated from different soil ecosystems,Brindha R.K.,International Journal of Environmental Science and Technology,2018-09-01,10,Journal,Article,,15,10.1007/s13762-017-1546-1,Centre for Environmental Studies India-Chennai-Indiax
85052294506,21100779241,24700010,24700029,,Review of Particle Physics,Tanabashi M.,Physical Review D,2018-08-01,6054,Journal,Review,030001,98,10.1103/PhysRevD.98.030001,Nagoya University-Nagoya-Japanx
85051035420,21100284944,,20763263,,A more comprehensive habitable zone for finding life on other planets,Ramirez R.M.,Geosciences (Switzerland),2018-08-01,46,Journal,Review,280,8,10.3390/geosciences8080280,Tokyo Institute of Technology-Tokyo-Japanx
85049069571,13090,15311074,,,Exoplanet Biosignatures: Observational Prospects,Fujii Y.,Astrobiology,2018-06-01,127,Journal,Article,,18,10.1089/ast.2017.1733,Tokyo Institute of Technology-Tokyo-Japanx
85044397980,26940,00167878,,,"The Neogene and Quaternary of England: landscape evolution, tectonics, climate change and their expression in the geological record",Lee J.R.,Proceedings of the Geologists' Association,2018-06-01,18,Journal,Article,,129,10.1016/j.pgeola.2017.10.003,British Geological Survey-Nottingham-United Kingdomx
85053998030,21100878535,,,9789811082610,"Marine algal bloom: Characteristics, causes and climate change impacts",Sarkar S.K.,"Marine Algal Bloom: Characteristics, Causes and Climate Change Impacts",2018-05-02,14,Book,Book,,,10.1007/978-981-10-8261-0,University of Calcutta-Kolkata-Indiax
85046629839,26750,00046361,14320746,,"Modeling climate diversity, tidal dynamics and the fate of volatiles on TRAPPIST-1 planets",Turbet M.,Astronomy and Astrophysics,2018-04-01,115,Journal,Article,A86,612,10.1051/0004-6361/201731620,Sorbonne Université-Paris-Francex
85013757357,12172,09307575,14320894,,The role of sea-ice albedo in the climate of slowly rotating aquaplanets,Salameh J.,Climate Dynamics,2018-04-01,13,Journal,Article,,50,10.1007/s00382-017-3548-6,International Max Planck Research School on Earth System Modelling-Hamburg-Germanyx
85036510102,21524,00139351,10960953,,Alteration of host-pathogen interactions in the wake of climate change – Increasing risk for shellfish associated infections?,Hernroth B.E.,Environmental Research,2018-02-01,23,Journal,Review,,161,10.1016/j.envres.2017.11.032,Kungl. Vetenskapsakademien-Stockholm-Swedenx
85045538835,21100857598,,,9789402412222,Soil components and human health,Nieder R.,Soil Components and Human Health,2018-01-10,82,Book,Book,,,10.1007/978-94-024-1222-2,Technische Universität Braunschweig-Braunschweig-Germanyx
85141260591,21101119194,,,9781108304160,"The Exoplanet Handbook, Second Edition",Perryman M.,"The Exoplanet Handbook, Second Edition",2018-01-01,62,Book,Book,,,10.1017/9781108304160,University College Dublin-Dublin-Irelandx
85136700323,21101103391,,,9780128005132,Physical Chemistry: Multidisciplinary Applications in Society,Schmitz K.S.,Physical Chemistry: Multidisciplinary Applications in Society,2018-01-01,2,Book,Book,,,10.1016/C2013-0-18573-X,University of Missouri-Kansas City-Kansas City-United Statesx
85133034942,21101094222,,,9781316163009,"Radiogenic Isotope Geology, Third Edition",Dickin A.P.,"Radiogenic Isotope Geology, Third Edition",2018-01-01,2,Book,Book,,,10.1017/9781316163009,McMaster University-Hamilton-Canadax
85105711368,21101074193,,,9780128099353,An Origin of Life on Mars?,Brack A.,From Habitability to Life on Mars,2018-01-01,1,Book,Book Chapter,,,10.1016/B978-0-12-809935-3.00001-3,CNRS Centre National de la Recherche Scientifique-Paris-Francex
85093483840,21101023599,,,9780128162095,Changing climate and resource use efficiency in plants,Bhattacharya A.,Changing Climate and Resource use Efficiency in Plants,2018-01-01,22,Book,Book,,,10.1016/C2017-0-04681-5,
85092581350,21101023223,,,9780128167229,"Sustainable design and build: Building, energy, roads, bridges, water and sewer systems",Hossain M.F.,"Sustainable Design and Build: Building, Energy, Roads, Bridges, Water and Sewer Systems",2018-01-01,8,Book,Book,,,10.1016/C2017-0-02236-X,Green Globe Technology-Flushing-United Statesx
85079797300,28372,00783218,,,"Antarctic marine biodiversity: Adaptations, environments and responses to change",Peck L.S.,Oceanography and Marine Biology,2018-01-01,101,Book Series,Book Chapter,,56,,British Antarctic Survey-Cambridge-United Kingdomx
85071433716,21100925878,16102002,16102010,,"Climate change communication in australia: The politics, mainstream media and fossil fuel industry nexus",Holmes D.,Climate Change Management,2018-01-01,16,Book Series,Book Chapter,,,10.1007/978-3-319-69838-0_10,Monash University-Clayton-Australiax
85058353317,29244,10637869,14684780,,Water in the solar system,Litvak M.L.,Physics-Uspekhi,2018-01-01,4,Journal,Conference Paper,,61,10.3367/UFNe.2017.04.038277,Space Research Institute of the Russian Academy of Sciences-Moscow-Russian Federationx
85056633320,21101121279,,,9781315305943,"Thermal Energy: Sources, Recovery, and Applications",Shah Y.T.,"Thermal Energy: Sources, Recovery, and Applications",2018-01-01,23,Book,Book,,,10.1201/9781315305950,
85049480981,21100867066,,,9780198819516,"The long road to sustainability: The past, present, and future of international environmental law and policy",Gillespie A.,"The Long Road to Sustainability: The Past, Present, and Future of International Environmental Law and Policy",2018-01-01,7,Book,Book,,,10.1093/oso/9780198819516.001.0001,The University of Waikato-Hamilton-New Zealandx
85015645190,21100871921,,,9789813233621,"Science of the earth, climate and energy",Cole M.W.,"Science of the Earth, Climate and Energy",2018-01-01,1,Book,Book,,,10.1142/10807,Pennsylvania State University-University Park-United Statesx
85012113145,4700152725,14735504,14753006,,"Sea ice, extremophiles and life on extra-terrestrial ocean worlds",Martin A.,International Journal of Astrobiology,2018-01-01,40,Journal,Article,,17,10.1017/S1473550416000483,Institute for Marine and Antarctic Studies-Hobart-Australiax
85034755717,6000187990,,14242818,,Thirty years of research on crown-of-thorns starfish (1986-2016): Scientific advances and emerging opportunities,Pratchett M.S.,Diversity,2017-12-01,129,Journal,Review,41,9,10.3390/d9040041,James Cook University-Townsville-Australiax
85054399790,29229,03701573,,,A review of exoplanetary biosignatures,Grenfell J.L.,Physics Reports,2017-11-13,46,Journal,Review,,713,10.1016/j.physrep.2017.08.003,Deutsches Zentrum für Luft- und Raumfahrt (DLR)-Koln-Germanyx
85032014620,26765,0004637X,15384357,,Risks for Life on Habitable Planets from Superflares of Their Host Stars,Lingam M.,Astrophysical Journal,2017-10-10,66,Journal,Article,41,848,10.3847/1538-4357/aa8e96,Harvard-Smithsonian Center for Astrophysics-Cambridge-United Statesx
85027977764,26651,00664146,,,How to Characterize Habitable Worlds and Signs of Life,Kaltenegger L.,Annual Review of Astronomy and Astrophysics,2017-08-18,173,Book Series,Review,,55,10.1146/annurev-astro-082214-122238,Cornell University-Ithaca-United Statesx
85036627459,21100861759,,,9781108120678,Time and Environmental Law: Telling Nature's Time,Richardson B.J.,Time and Environmental Law: Telling Nature's Time,2017-08-03,33,Book,Book,,,10.1017/9781108120678,University of Tasmania-Hobart-Australiax
85026643822,17600155041,17520894,17520908,,Abrupt climate transition of icy worlds from snowball to moist or runaway greenhouse,Yang J.,Nature Geoscience,2017-08-01,19,Journal,Article,,10,10.1038/NGEO2994,Peking University-Beijing-Chinax
85025838197,26769,00670049,,,Resolving Orbital and Climate Keys of Earth and Extraterrestrial Environments with Dynamics (ROCKE-3D) 1.0: A General Circulation Model for Simulating the Climates of Rocky Planets,Way M.J.,"Astrophysical Journal, Supplement Series",2017-07-01,80,Journal,Article,12,231,10.3847/1538-4365/aa7a06,Uppsala Universitet-Uppsala-Swedenx
84940976770,28261,00386308,15729672,,Astrobiology and the Possibility of Life on Earth and Elsewhere…,Cottin H.,Space Science Reviews,2017-07-01,40,Journal,Review,,209,10.1007/s11214-015-0196-1,Université Paris-Est Créteil Val de Marne-Creteil-Francex
85014266992,21100865556,,,9781139060172,The early Mars climate system,Haberle R.M.,The Atmosphere and Climate of Mars,2017-06-29,22,Book,Book Chapter,,,10.1017/9781139060172.017,NASA Ames Research Center-Moffett Field-United Statesx
85009875712,19900192023,21904979,21904987,,Climate engineering by mimicking natural dust climate control: The iron salt aerosol method,Dietrich Oeste F.,Earth System Dynamics,2017-01-13,25,Journal,Article,,8,10.5194/esd-8-1-2017,GM-Ingenieurbüro-Germanyx
85078647226,21100958083,,,9780128032206,Remote sensing of tropospheric aerosol optical depth from multispectral monodirectional space-based observations,Laszlo I.,Comprehensive Remote Sensing,2017-01-01,4,Book,Book Chapter,,1-9,10.1016/B978-0-12-409548-9.10389-6,"University of Maryland, College Park-College Park-United Statesx"
85053318869,21100877045,,,9781498781374,"Reversibility of chronic disease and hypersensitivity, volume 5: Treatment options of chemical sensitivity",Rea W.J.,"Reversibility of Chronic Disease and Hypersensitivity, Volume 5: Treatment Options of Chemical Sensitivity",2017-01-01,6,Book,Book,,,10.1201/9781315155258,American Environmental Health Foundation-United Statesx
85052467137,21100875260,,,9781135749163,Observing global climate change,Kondratyev K.Y.,Observing Global Climate Change,2017-01-01,4,Book,Book,,,10.1201/9780203983485,
85051615846,21100890503,,,9781315302348,Chemical energy from natural and synthetic gas,Shah Y.T.,Chemical Energy from Natural and Synthetic Gas,2017-01-01,17,Book,Book,,,10.1201/9781315302355,
85048586838,21100864667,,,9781108186148,The first global integrated marine assessment: World ocean assessment i,Inniss L.,The First Global Integrated Marine Assessment: World Ocean Assessment I,2017-01-01,18,Book,Book,,,10.1017/9781108186148,
85041214292,21101119272,,,9780444640024,"Cross-Border Resource Management, Third Edition",Guo R.,"Cross-Border Resource Management, Third Edition",2017-01-01,3,Book,Book,,,10.1016/C2016-0-04674-0,
85037973542,21100876220,,,9781498765183,Air pollution and its impacts on U.S. National Parks,Sullivan T.J.,Air Pollution and Its Impacts on U.S. National Parks,2017-01-01,10,Book,Book,,,10.1201/9781315163703,
85035778490,21100840837,,,9780262338301,Energy and civilization: A history,Smil V.,Energy and Civilization: A History,2017-01-01,273,Book,Book,,,,
85035745563,21100840853,,,0262339404,Minding the weather: How expert forecasters think,Hoffman R.R.,Minding the Weather: How Expert Forecasters Think,2017-01-01,31,Book,Book,,,,Florida Institute for Human &amp; Machine Cognition-Pensacola-United Statesx
85020899369,24024,0025326X,18793363,,Remote sensing and water quality indicators in the Korean West coast: Spatio-temporal structures of MODIS-derived chlorophyll-a and total suspended solids,Kim H.C.,Marine Pollution Bulletin,2017-01-01,61,Journal,Article,,121,10.1016/j.marpolbul.2017.05.026,National Center for Environmental Prediction-Camp Springs-United Statesx
84889601086,21100863458,,,9781139020558,Atmospheric evolution on inhabited and lifeless worlds,Catling D.C.,Atmospheric Evolution on Inhabited and Lifeless Worlds,2017-01-01,211,Book,Book,,,10.1017/9781139020558,University of Washington-Seattle-United Statesx
85007411764,13090,15311074,,,Modeling pN2 through geological time: Implications for planetary climates and atmospheric biosignatures,Stüeken E.E.,Astrobiology,2016-12-01,46,Journal,Article,,16,10.1089/ast.2016.1537,NASA Astrobiology Institute's Virtual Planetary Laboratory-Seattle-United Statesx
84966696713,28261,00386308,15729672,,"Exoplanetary Atmospheres—Chemistry, Formation Conditions, and Habitability",Madhusudhan N.,Space Science Reviews,2016-12-01,147,Journal,Review,,205,10.1007/s11214-016-0254-3,Institute of Astronomy-Cambridge-United Kingdomx
85052514180,21100875488,,,9781498762076,Solar planetary systems: Stardust to terrestrial and extraterrestrial planetary sciences,Bhattacharya A.B.,Solar Planetary Systems: Stardust to Terrestrial and Extraterrestrial Planetary Sciences,2016-11-25,2,Book,Book,,,10.1201/9781315367569,University of Kalyani-Kalyani-Indiax
85021904472,21100822671,,,9780128093634,Investigating Seafloors and Oceans: From Mud Volcanoes to Giant Squid,Joseph A.,Investigating Seafloors and Oceans: From Mud Volcanoes to Giant Squid,2016-11-18,10,Book,Book,,,,
84988423474,22580,00128252,,,On the astronomical origin of the Hallstatt oscillation found in radiocarbon and climate records throughout the Holocene,Scafetta N.,Earth-Science Reviews,2016-11-01,49,Journal,Review,,162,10.1016/j.earscirev.2016.09.004,Università degli Studi di Napoli Federico II-Naples-Italyx
85049178969,15600154712,16741137,,,Review of particle physics,Patrignani C.,Chinese Physics C,2016-10-01,5077,Journal,Review,100001,40,10.1088/1674-1137/40/10/100001,Istituto Nazionale di Fisica Nucleare - INFN-Rome-Italyx
84995646251,21101038510,21699097,21699100,,"The sustainability of habitability on terrestrial planets: Insights, questions, and needed measurements from Mars for understanding the evolution of Earth-like worlds",Ehlmann B.L.,Journal of Geophysical Research: Planets,2016-10-01,70,Journal,Review,,121,10.1002/2016JE005134,Jet Propulsion Laboratory-Pasadena-United Statesx
84990935162,21101038510,21699097,21699100,,"Climate-tectonic coupling: Variations in the mean, variations about the mean, and variations in mode",Lenardic A.,Journal of Geophysical Research: Planets,2016-10-01,35,Journal,Review,,121,10.1002/2016JE005089,Rice University-Houston-United Statesx
84985991808,26771,0004640X,1572946X,,Developing ecospheres on transiently habitable planets: the genesis project,Gros C.,Astrophysics and Space Science,2016-10-01,15,Journal,Article,324,361,10.1007/s10509-016-2911-0,Goethe-Universität Frankfurt am Main-Frankfurt am Main-Germanyx
84983459342,13090,15311074,,,The astrobiology primer v2.0,Domagal-Goldman S.D.,Astrobiology,2016-08-01,107,Journal,Article,,16,10.1089/ast.2015.1460,Virtual Planetary Laboratory-Seattle-United Statesx
84966709462,22566,0012821X,,,Atmospheric nitrogen evolution on Earth and Venus,Wordsworth R.D.,Earth and Planetary Science Letters,2016-08-01,51,Journal,Article,,447,10.1016/j.epsl.2016.04.002,Harvard University-Cambridge-United Statesx
84973644370,13090,15311074,,,The Effect of Orbital Configuration on the Possible Climates and Habitability of Kepler-62f,Shields A.,Astrobiology,2016-06-01,33,Journal,Article,,16,10.1089/ast.2015.1353,NASA Astrobiology Institute's Virtual Planetary Laboratory-Nasa-United Statesx
84976559530,19500157010,,15252027,,"Whole planet coupling between climate, mantle, and core: Implications for rocky planet evolution",Foley B.J.,"Geochemistry, Geophysics, Geosystems",2016-05-01,64,Journal,Review,,17,10.1002/2015GC006210,"Carnegie Institution of Washington-Washington, D.C.-United Statesx"
85106840674,21101086741,,,9781420039016,"Circadian Physiology, Second Edition",Refinetti R.,"Circadian Physiology, Second Edition",2016-04-19,1,Book,Book,,,10.1201/9781420039016,University of South Carolina-Carolina-United Statesx
84973888863,21100307458,,21508925,,Environmental stress mediates trophic cascade strength and resistance to invasion,Cheng B.S.,Ecosphere,2016-04-01,18,Journal,Article,e01247,7,10.1002/ecs2.1247,Bodega Marine Laboratory-Bodega Bay-United Statesx
84956684711,21100862266,,,9781139342742,Thermodynamic foundations of the earth system,Kleidon A.,Thermodynamic Foundations of the Earth System,2016-03-11,43,Book,Book,,,,Max Planck Institute for Biogeochemistry-Jena-Germanyx
84949907916,17373,10964959,18791107,,Adjustments of molecular key components of branchial ion and pH regulation in Atlantic cod (Gadus morhua) in response to ocean acidification and warming,Michael K.,Comparative Biochemistry and Physiology Part - B: Biochemistry and Molecular Biology,2016-03-01,24,Journal,Article,,193,10.1016/j.cbpb.2015.12.006,Alfred-Wegener-Institut Helmholtz-Zentrum für Polar- und Meeresforschung-Bremerhaven-Germanyx
85030252504,21100832648,,,9783319225609,Principles of applied remote sensing,Khorram S.,Principles of Applied Remote Sensing,2016-01-04,37,Book,Book,,,10.1007/978-3-319-22560-9,NC State University-Raleigh-United Statesx
85179286870,21101191530,,,9781439853702,"Wetland Indicators: A Guide to Wetland Formation, Identification, Delineation, Classification, and Mapping, Second Edition",Tiner R.W.,"Wetland Indicators: A Guide to Wetland Formation, Identification, Delineation, Classification, and Mapping, Second Edition",2016-01-01,70,Book,Book,,,10.1201/9781315374710,Society of Wetland Scientists-Middleton-United Statesx
85153662525,21101148392,,,9781466514980,CIRCADIAN PHYSIOLOGY: Third Edition,Refinetti R.,Circadian Physiology: Third Edition,2016-01-01,52,Book,Book,,,10.1201/b19527,Boise State University-Boise-United Statesx
85091255859,21101165616,16123018,21976619,,"ENERGY, COMPLEXITY AND WEALTH MAXIMIZATION",Ayres R.,Frontiers Collection,2016-01-01,4,Book Series,Book Chapter,,Part F918,10.1007/978-3-319-30545-5,"INSEAD, Europe-Fontainebleau-Francex"
84956490769,13090,15311074,,,The Case for a Gaian Bottleneck: The Biology of Habitability,Chopra A.,Astrobiology,2016-01-01,61,Journal,Article,,16,10.1089/ast.2015.1387,The Australian National University-Canberra-Australiax
84956467335,13090,15311074,,,Habitability: A Review,Cockell C.S.,Astrobiology,2016-01-01,235,Journal,Review,,16,10.1089/ast.2015.1295,The University of Edinburgh-Edinburgh-United Kingdomx
84967110077,21100458929,,,9780128014066,"Engineered Nanoparticles: Structure, Properties and Mechanisms of Toxicity",Singh A.K.,"Engineered Nanoparticles: Structure, Properties and Mechanisms of Toxicity",2015-11-26,52,Book,Book,,,10.1016/C2013-0-18974-X,University of Minnesota Twin Cities-Minneapolis-United Statesx
84959862353,21100449025,,,9780128037096,Earth as an Evolving Planetary System: Third Edition,Condie K.C.,Earth as an Evolving Planetary System: Third Edition,2015-11-26,14,Book,Book,,,10.1016/C2015-0-00179-4,New Mexico Institute of Mining and Technology-Socorro-United Statesx
84977109351,21100466872,,,9781119072218,A Companion to the History of American Science,Montgomery G.M.,A Companion to the History of American Science,2015-10-10,1,Book,Book,,,10.1002/9781119072218,Michigan State University-East Lansing-United Statesx
84946067085,26765,0004637X,15384357,,The role of plate tectonic-climate coupling and exposed land area in the development of habitable climates on rocky planets,Foley B.J.,Astrophysical Journal,2015-10-10,69,Journal,Article,36,812,10.1088/0004-637X/812/1/36,"Carnegie Institution of Washington-Washington, D.C.-United Statesx"
84939826125,130037,17264170,17264189,,Fundamental molecules of life are pigments which arose and co-evolved as a response to the thermodynamic imperative of dissipating the prevailing solar spectrum,Michaelian K.,Biogeosciences,2015-08-19,23,Journal,Article,,12,10.5194/bg-12-4913-2015,Universidad Nacional Autónoma de México-Mexico-Mexicox
84933056026,21206,00280836,14764687,,The changing form of Antarctic biodiversity,Chown S.L.,Nature,2015-06-24,207,Journal,Article,,522,10.1038/nature14505,Monash University-Clayton-Australiax
84962522460,21100801775,,,9781119028000,Sea Ice: Physics and Remote Sensing,Shokr M.,Sea Ice: Physics and Remote Sensing,2015-04-17,97,Book,Book,,,10.1002/9781119028000,
84927929050,13090,15311074,,,Methane clathrates in the solar system,Mousis O.,Astrobiology,2015-04-01,52,Journal,Article,,15,10.1089/ast.2014.1189,Laboratoire d'Astrophysique de Marseille-Marseille-Francex
84922666880,19900191605,17577780,17577799,,Labeling opinions in the climate debate: A critical review,Howarth C.C.,Wiley Interdisciplinary Reviews: Climate Change,2015-03-01,32,Journal,Article,,6,10.1002/wcc.332,Anglia Ruskin University-Cambridge-United Kingdomx
84966936631,21100459196,,,9781317909132,Experiment earth: Responsible innovation in geoengineering,Stilgoe J.,Experiment Earth: Responsible Innovation in Geoengineering,2015-02-20,91,Book,Book,,,10.4324/9781315849195,University College London-London-United Kingdomx
85032270020,21100854427,,,9780444538031,Water on the Terrestrial Planets,Helbert J.,Treatise on Geophysics: Second Edition,2015-01-01,3,Book,Book Chapter,,10,10.1016/B978-0-444-53802-4.00174-3,Deutsches Zentrum für Luft- und Raumfahrt (DLR)-Koln-Germanyx
85006321545,21100854426,,,9780444538031,Earth Rotation Variations - Long Period,Gross R.,Treatise on Geophysics: Second Edition,2015-01-01,35,Book,Book Chapter,,3,10.1016/B978-0-444-53802-4.00059-2,California Institute of Technology-Pasadena-United Statesx
84984884483,21100878356,,,9781482258011,Economics for environmental professionals,Spellman F.R.,Economics for Environmental Professionals,2015-01-01,3,Book,Book,,,10.1201/b18345,
84975230954,21100466229,21506779,21506787,,Beyond the Anthropocene: Un-earthing an epoch,Olson V.,Environment and Society: Advances in Research,2015-01-01,39,Journal,Article,,6,10.3167/ares.2015.060103,"University of California, Irvine-Irvine-United Statesx"
84961907789,21100854434,,,9780444538031,The Generation of Plate Tectonics from Mantle Dynamics,Bercovici D.,Treatise on Geophysics: Second Edition,2015-01-01,65,Book,Book Chapter,,7,10.1016/B978-0-444-53802-4.00135-4,Yale University-New Haven-United Statesx
84953292206,21100434905,,,9781316136133,"Precession, nutation and wobble of the earth",Dehant V.,"Precession, Nutation and Wobble of the Earth",2015-01-01,50,Book,Book,,,,Université Catholique de Louvain-Louvain-la-Neuve-Belgiumx
84944551342,21100417471,,,9783642399794,Patterns of diversification and extinction,Etter W.,"Handbook of Paleoanthropology, Second Edition",2015-01-01,0,Book,Book Chapter,,,10.1007/978-3-642-39979-4_16,Naturhistorisches Museum Basel-Basel-Switzerlandx
84941565496,21101142208,,,9781317317531,"SPACESHIP EARTH IN THE ENVIRONMENTAL AGE, 1960–1990",Höhler S.,"Spaceship Earth in the Environmental Age, 1960–1990",2015-01-01,56,Book,Book,,,10.4324/9781315653921,
84920576512,13552,00224928,15200469,,Initiation of a runaway greenhouse in a cloudy column,Popp M.,Journal of the Atmospheric Sciences,2015-01-01,16,Journal,Article,,72,10.1175/JAS-D-13-047.1,Max Planck Institute for Meteorology-Hamburg-Germanyx
84908537602,27567,13640321,18790690,,Emerging applications of graphene and its derivatives in carbon capture and conversion: Current status and future prospects,Taheri Najafabadi A.,Renewable and Sustainable Energy Reviews,2015-01-01,63,Journal,Review,,41,10.1016/j.rser.2014.09.022,The University of British Columbia-Vancouver-Canadax
85098116347,21101032747,,,9781136462863,"Marine biodiversity, climatic variability and global change",Beaugrand G.,"Marine Biodiversity, Climatic Variability and Global Change",2014-11-28,8,Book,Book,,,10.4324/9780203127483,Laboratoire d'Océanologie et de Géosciences-Wimereux-Francex
84953405260,21100435289,,,9781634633413,Exoplanets: Extant life?,Rehder D.,Exoplanets: Extant Life?,2014-10-01,0,Book,Book,,,,Universität Hamburg-Hamburg-Germanyx
85014877158,15600154712,16741137,,,Review of particle physics,Olive K.A.,Chinese Physics C,2014-08-01,6837,Journal,Review,090001,38,10.1088/1674-1137/38/9/090001,College of Science and Engineering-Minneapolis-United Statesx
84896357732,13090,15311074,,,The drive to life on wet and Icy Worlds,Russell M.J.,Astrobiology,2014-04-01,212,Journal,Article,,14,10.1089/ast.2013.1110,NASA Astrobiology Institute-Seattle-United Statesx
84894807178,130059,10725369,15737764,,The Archaeology of Cosmic Impact: Lessons from Two Mid-Holocene Argentine Case Studies,Barrientos G.,Journal of Archaeological Method and Theory,2014-03-01,8,Journal,Article,,21,10.1007/s10816-012-9149-0,Consejo Nacional de Investigaciones Científicas y Técnicas-Buenos Aires-Argentinax
85136428176,21101102606,,,9781444128659,Water Sustainability: A Global Perspective,Jones J.A.A.,Water Sustainability: a Global Perspective,2014-01-01,11,Book,Book,,,10.4324/9780203785386,
85135349826,21101099792,,,9781498728454,ASTROBIOLOGY: An Introduction,Longstaff A.,Astrobiology: an Introduction,2014-01-01,4,Book,Book,,,10.1201/b17880,The Open University-Milton Keynes-United Kingdomx
85054367882,21100879915,,,9781482216196,Water for energy and fuel production,Shah Y.T.,Water for Energy and Fuel Production,2014-01-01,16,Book,Book,,,10.1201/b16904,Norfolk State University-Norfolk-United Statesx
85031507213,21100834526,21938571,2193858X,,The thermal field of the earth,Eppelbaum L.,Lecture Notes in Earth System Sciences,2014-01-01,3,Book Series,Book Chapter,,0,10.1007/978-3-642-34023-9_1,Tel Aviv University-Tel Aviv-Yafo-Israelx
85029564921,21100830792,,,9783319004556,"Assessing climate change: Temperatures, solar radiation and heat balance: Third edition",Rapp D.,"Assessing Climate Change: Temperatures, Solar Radiation and Heat Balance: Third Edition",2014-01-01,14,Book,Book,,,10.1007/978-3-319-00455-6,South Pasadena-Pasadena-United Statesx
84983590439,21100776154,,,9783110331943,Chemistry of the climate system,Möller D.M.,Chemistry of the Climate System,2014-01-01,11,Book,Book,,,10.1515/9783110331943,Brandenburgische Technische Universität Cottbus-Cottbus-Germanyx
84952770565,21100433877,,,9781139025300,Large igneous provinces,Ernst R.E.,Large Igneous Provinces,2014-01-01,744,Book,Book,,,10.1017/CBO9781139025300,Carleton University-Ottawa-Canadax
84940208798,21100938453,,,9780124166776,"Seeds: Ecology, biogeography, and, evolution of dormancy and germination",Baskin C.C.,"Seeds: Ecology, Biogeography, and Evolution of Dormancy and Germination",2014-01-01,1904,Book,Book,,,10.1016/C2013-0-00597-X,"University of Kentucky College of Agriculture, Food and Environment-Lexington-United Statesx"
84920485025,21100364151,,,9780203785027,Global change in the holocene,Mackay A.,Global Change in the Holocene,2014-01-01,9,Book,Book,,9780203785027,10.4324/9780203785027,University College London-London-United Kingdomx
84902199584,23357,13522310,18732844,,Unusual high values of aerosol optical depth evidenced in the Arctic during summer 2011,Rahul P.,Atmospheric Environment,2014-01-01,11,Journal,Article,,94,10.1016/j.atmosenv.2014.01.052,Indian Institute of Tropical Meteorology-Pune-Indiax
85131339820,21101091087,,,9781466561755,"Remote sensing for geoscientists: Image analysis and integration, third edition",Prost G.L.,"Remote Sensing for Geoscientists: Image Analysis and Integration, Third Edition",2013-12-13,20,Book,Book,,,,
84905543936,21100327188,,,9780203073384,Toward a binding climate change adaptation regime: A proposed framework,Khan M.R.,Toward a Binding Climate Change Adaptation Regime: A Proposed Framework,2013-12-01,9,Book,Book,,,10.4324/9780203073384,North South University-Dhaka-Bangladeshx
84898005684,21100833030,,20754434,,A closer earth and the Faint Young Sun Paradox: Modification of the laws of gravitation or Sun/Earth mass losses?,Iorio L.,Galaxies,2013-12-01,10,Journal,Article,,1,10.3390/galaxies1030192,Università degli studi di Bari Aldo Moro-Bari-Italyx
84949745121,21100430483,,,9781118684986,Karst Hydrogeology and Geomorphology,Ford D.,Karst Hydrogeology and Geomorphology,2013-07-03,2618,Book,Book,,,10.1002/9781118684986,McMaster University-Hamilton-Canadax
84876270062,4700152725,14735504,14753006,,Swansong biospheres: Refuges for life and novel microbial biospheres on terrestrial planets near the end of their habitable lifetimes,O'Malley-James J.T.,International Journal of Astrobiology,2013-04-01,44,Journal,Article,,12,10.1017/S147355041200047X,University of St Andrews-St Andrews-United Kingdomx
84872295132,25870,00167037,,,The origins of volatiles in the terrestrial planets,Halliday A.N.,Geochimica et Cosmochimica Acta,2013-03-05,170,Journal,Article,,105,10.1016/j.gca.2012.11.015,University of Oxford-Oxford-United Kingdomx
84940265564,21100405206,,,9780123858740,"Biogeochemistry: An Analysis of Global Change, Third Edition",Schlesinger W.H.,"Biogeochemistry: An Analysis of Global Change, Third Edition",2013-01-14,483,Book,Book,,,10.1016/C2010-0-66291-2,Institute of Ecosystem Studies-Millbrook-United Statesx
85028233962,21100297820,15706591,15706605,,Stability of earth-like N<inf>2</inf> atmospheres: Implications for habitability,Lammer H.,Astrophysics and Space Science Proceedings,2013-01-01,5,Conference Proceeding,Book Chapter,,35,10.1007/978-1-4614-5191-4_4,Institut fur Weltraumforschung-Graz-Austriax
85013698561,16894,,,9780123858740,Biogeochemistry,Schlesinger W.H.,Biogeochemistry,2013-01-01,121,Book,Book,,,10.1016/C2010-0-66291-2,Institute of Ecosystem Studies-Millbrook-United Statesx
84903809960,21100499081,,,9780080983004,Geologic and Geochemical Constraints on Earth's Early Atmosphere,Farquhar J.,Treatise on Geochemistry: Second Edition,2013-01-01,43,Book,Book Chapter,,6,10.1016/B978-0-08-095975-7.01304-8,"University of Maryland, College Park-College Park-United Statesx"
84903809331,21100499213,,,9780080983004,The Early History of Life,Nisbet E.G.,Treatise on Geochemistry: Second Edition,2013-01-01,18,Book,Book Chapter,,10,10.1016/B978-0-08-095975-7.00801-9,"Royal Holloway, University of London-Egham-United Kingdomx"
84903802470,21100498642,,,9780080983004,The Origin and Earliest History of the Earth,Halliday A.N.,Treatise on Geochemistry: Second Edition,2013-01-01,12,Book,Book Chapter,,2,10.1016/B978-0-08-095975-7.00123-6,University of Oxford-Oxford-United Kingdomx
84891499222,15838,,20734433,,Use of traditional weather/climate knowledge by farmers in the South-Western free State of South Africa: Agrometeorological learning by scientists,Zuma-Netshiukhwi G.,Atmosphere,2013-01-01,64,Journal,Article,,4,10.3390/atmos4040383,South African Weather Service-Pretoria-South Africax
84887753165,19500157214,00721077,,9780813725000,"Smaller, better, more: Five decades of advances in geochemistry",Johnson C.M.,Special Paper of the Geological Society of America,2013-01-01,8,Book Series,Article,,500,10.1130/2013.2500(08),"National Aeronautics and Space Administration-Washington, D.C.-United Statesx"
84880302735,21100280076,,,9781620819791,"Planetary beat, solar wind and terrestrial climate",Mörner N.,"Solar Wind: Emission, Technologies and Impacts",2012-12-01,6,Book,Book Chapter,,,,
84876569359,21100403216,,,9780190267919,The Moon in the Nautilus Shell: Discordant Harmonies Reconsidered,Botkin D.,The Moon in the Nautilus Shell: Discordant Harmonies Reconsidered,2012-09-27,25,Book,Book,,,10.1093/acprof:osobl/9780199913916.001.0001,"University of California, Santa Barbara-Santa Barbara-United Statesx"
84864671342,29784,1364503X,,,"The runaway greenhouse: Implications for future climate change, geoengineering and planetary atmospheres",Goldblatt C.,"Philosophical Transactions of the Royal Society A: Mathematical, Physical and Engineering Sciences",2012-09-13,90,Journal,Article,,370,10.1098/rsta.2012.0004,University of Victoria-Victoria-Canadax
84911024188,21101071608,,,9781136288418,Science and Public Reason,Jasanoff S.,Science and Public Reason,2012-07-26,244,Book,Book,,,10.4324/9780203113820,John F. Kennedy School of Government-Cambridge-United Statesx
84861657914,28599,87551209,,,The faint young Sun problem,Feulner G.,Reviews of Geophysics,2012-06-01,195,Journal,Article,RG2006,50,10.1029/2011RG000375,Potsdam Institut fur Klimafolgenforschung-Potsdam-Germanyx
84861930178,29719,00346861,15390756,,"Ice structures, patterns, and processes: A view across the icefields",Bartels-Rausch T.,Reviews of Modern Physics,2012-05-24,256,Journal,Article,,84,10.1103/RevModPhys.84.885,Paul Scherrer Institut-Villigen-Switzerlandx
84860520404,22005,00846597,,,"The habitability of our earth and other earths: Astrophysical, geochemical, geophysical, and biological limits on planet habitability",Lineweaver C.H.,Annual Review of Earth and Planetary Sciences,2012-05-01,50,Book Series,Article,,40,10.1146/annurev-earth-042711-105531,The Australian National University-Canberra-Australiax
85026683967,21100826119,,,9783642103346,Remote sensing and atmospheric ozone: Human activities versus natural variability,Cracknell A.P.,Remote Sensing and Atmospheric Ozone: Human Activities Versus Natural Variability,2012-01-01,10,Book,Book,,,10.1007/978-3-642-10334-6,
84917311523,21101072927,,,9781136462931,"Tourism and Climate Change: Impacts, adaptation and mitigation",Scott D.,"Tourism and Climate Change: Impacts, Adaptation and Mitigation",2012-01-01,350,Book,Book,,,10.4324/9780203127490,University of Waterloo-Waterloo-Canadax
83855162766,28436,13646826,,,A shared frequency set between the historical mid-latitude aurora records and the global surface temperature,Scafetta N.,Journal of Atmospheric and Solar-Terrestrial Physics,2012-01-01,44,Journal,Article,,74,10.1016/j.jastp.2011.10.013,Duke University-Durham-United Statesx
84894292217,27202,,20751729,,"Theory of the origin, evolution, and nature of life",Andrulis E.D.,Life,2011-12-23,10,Journal,Article,,2,10.3390/life2010001,CASE School of Medicine-Cleveland-United Statesx
84905940770,21100329370,,,9781439907122,"Ecomusicology: Rock, folk, and the environment",Pedelty M.,"Ecomusicology: Rock, Folk, and the Environment",2011-12-01,76,Book,Book,,,,University of Minnesota Twin Cities-Minneapolis-United Statesx
84887904044,21100268004,,,9781402084065,"The transantarctic mountains: Rocks, ice, meteorites and water",Faure G.,"The Transantarctic Mountains: Rocks, Ice, Meteorites and Water",2011-12-01,25,Book,Book,,,10.1007/978-90-481-9390-5,Byrd Polar and Climate Research Center-Columbus-United Statesx
79956294762,26765,0004637X,15384357,,Model spectra of the first potentially habitable Super-Earth - Gl581d,Kaltenegger L.,Astrophysical Journal,2011-05-20,46,Journal,Article,35,733,10.1088/0004-637X/733/1/35,Max Planck Institute for Astronomy-Heidelberg-Germanyx
85032849745,21100798790,,,0309145880,Advancing the science of climate change,,Advancing the Science of Climate Change,2011-01-10,35,Book,Book,,,10.17226/12782,
85144435616,21101128041,,,9780123852274,"Earth as an Evolving Planetary System, Second Edition",Condie K.C.,"Earth as an Evolving Planetary System, Second Edition",2011-01-01,2,Book,Book,,,10.1016/C2010-0-65818-4,
85013897346,21100251380,,,9780123852274,Earth as an Evolving Planetary System,Condie K.C.,Earth as an Evolving Planetary System,2011-01-01,49,Book,Book,,,10.1016/C2010-0-65818-4,New Mexico Institute of Mining and Technology-Socorro-United Statesx
84920184287,21100364086,,,9783642131790,Oxygen and the evolution of life,Decker H.,Oxygen and the Evolution of Life,2011-01-01,27,Book,Book,,,10.1007/978-3-642-13179-0,Johannes Gutenberg-Universität Mainz-Mainz-Germanyx
84895405314,21100584095,,,9780444521491,The Yeasts,Kurtzman C.p.,The Yeasts,2011-01-01,58,Book,Book,,1-3,,USDA ARS National Center for Agricultural Utilization Research-Peoria-United Statesx
84882003457,21100250767,,,9783110197914,Chemistry of the Climate System,Möller D.,Chemistry of the Climate System,2010-12-23,25,Book,Book,,,10.1515/9783110228359,Brandenburgische Technische Universität Cottbus-Cottbus-Germanyx
84891566399,21100258266,,,9783527325405,Energy for a Sustainable World: From the Oil Age to a Sun-Powered Future,Armaroli N.,Energy for a Sustainable World: From the Oil Age to a Sun-Powered Future,2010-12-14,147,Book,Book,,,10.1002/9783527633593,Consiglio Nazionale delle Ricerche-Rome-Italyx
84886607026,21100264815,20421443,20421451,9780857246196,Epilogue: Tourism and the implications of climate change,Schott C.,Bridging Tourism Theory and Practice,2010-12-01,2,Book Series,Article,,3,10.1108/S2042-1443(2010)0000003021,Victoria University of Wellington-Wellington-New Zealandx
77956489681,23340,00092665,15206890,,Some molecular moments of the Hadean and Archaean Aeons: A retrospective overview from the interfacing years of the second to third millennia,McGuinness E.T.,Chemical Reviews,2010-09-08,9,Journal,Article,,110,10.1021/cr050061l,Seton Hall University-South Orange-United Statesx
84925618607,21100807027,,,9781444323498,Big history and the future of humanity,Spier F.,Big History and the Future of Humanity,2010-08-02,121,Book,Book,,,10.1002/9781444323498,Universiteit van Amsterdam-Amsterdam-Netherlandsx
84911065735,21100346806,,,9781849776370,Cents and sustainability: Securing our common future by decoupling economic growth from environmental pressures,Smith M.H.,Cents and Sustainability: Securing Our Common Future by Decoupling Economic Growth from Environmental Pressures,2010-07-30,51,Book,Book,,,10.4324/9781849776370,The Fenner School of Environment &amp; Society-Canberra-Australiax
85052722886,21100781915,,,0309116023,America's energy future: Technology and transformation,,America's Energy Future: Technology and Transformation,2010-01-15,8,Book,Book,,,10.17226/12091,
85055782516,21100884083,,,9781439882115,Introduction to green chemistry,Matlack A.,"Introduction to Green Chemistry, Second Edition",2010-01-01,70,Book,Book,,,,
84925685113,21100381680,,,9781139168212,"Light and photosynthesis in aquatic ecosystems, third edition",Kirk J.T.O.,"Light and Photosynthesis in Aquatic Ecosystems, third edition",2010-01-01,74,Book,Book,,,10.1017/CBO9781139168212,
67650270441,12503,00344257,,,Earth system science related imaging spectroscopy-An assessment,Schaepman M.E.,Remote Sensing of Environment,2009-09-01,281,Journal,Article,,113,10.1016/j.rse.2009.03.001,Wageningen University &amp; Research-Wageningen-Netherlandsx
69249150557,23314,02723646,,,"Solar arctic-mediated climate variation on multidecadal to centennial timescales: Empirical evidence, mechanistic explanation, and testable consequences",Soon W.W.H.,Physical Geography,2009-08-31,32,Journal,Article,,30,10.2747/0272-3646.30.2.144,Harvard-Smithsonian Center for Astrophysics-Cambridge-United Statesx
84923038718,21100373559,,,9781139194853,"The geology of Australia, second edition",Johnson D.,"The Geology of Australia, Second Edition",2009-01-01,2,Book,Book,,,10.1017/CBO9781139194853,James Cook University-Townsville-Australiax
84879392644,21100843677,,,9780253023919,Islands in the Cosmos: The evolution of life on land,Russell D.A.,Islands in the Cosmos: The Evolution of Life on Land,2009-01-01,13,Book,Book,,,,North Carolina State Museum of Natural Sciences-Raleigh-United Statesx
67349158305,26756,09354956,,,What makes a planet habitable?,Lammer H.,Astronomy and Astrophysics Review,2009-01-01,266,Journal,Review,,17,10.1007/s00159-009-0019-z,Institut fur Weltraumforschung-Graz-Austriax
56749109558,4900152709,16108957,16131851,9783540769446,The search for extraterrestrial life,Hanslmeier A.,Advances in Astrobiology and Biogeophysics,2009-01-01,2,Book Series,Article,,,10.1007/978-3-540-76945-3_8,Universität Graz-Graz-Austriax
84895294926,21100291017,,,9783540758327,Airglow as an indicator of upper atmospheric structure and dynamics,Khomich V.Y.,Airglow as an Indicator of Upper Atmospheric Structure and Dynamics,2008-12-01,125,Book,Book,,,10.1007/978-3-540-75833-4,Russian Foundation for Basic Research-Moscow-Russian Federationx
52149084831,4900152709,16108957,16131851,9783540768166,Optimizing space exploration,Schulze-Makuch D.,Advances in Astrobiology and Biogeophysics,2008-09-25,3,Book Series,Article,,,10.1007/978-3-540-76817-3_13,Washington State University Pullman-Pullman-United Statesx
84896227052,21100297556,,,9780801889844,Atmospheric science at NASA: A history,Conway E.,Atmospheric Science at NASA: A History,2008-01-01,40,Book,Book,,,,
54749110351,21100372043,,,9780191711138,Radiation and Climate,Vardavas I.,Radiation and Climate,2008-01-01,18,Book,Book,,,10.1093/acprof:oso/9780199227471.001.0001,University of Crete-Rethymnon-Greecex
37549001267,4900152709,16108957,16131851,9783540756781,The search for and future of life in the universe,Marion G.M.,Advances in Astrobiology and Biogeophysics,2008-01-01,0,Book Series,Article,,,10.1007/978-3-540-75679-8_6,Desert Research Institute Reno-Reno-United Statesx
85125908357,21101079649,,,9781420005011,Ecotoxicology: A Comprehensive Treatment,Newman M.C.,Ecotoxicology: A Comprehensive Treatment,2007-12-13,109,Book,Book,,,,Savannah River Ecology Laboratory-Aiken-United Statesx
47249139766,21100249148,,,9781847204707,Science and public policy: The virtuous corruption of virtual environmental science,Kellow A.,Science and Public Policy: The Virtuous Corruption of Virtual Environmental Science,2007-12-01,21,Book,Book,,,,University of Tasmania-Hobart-Australiax
85039863706,21100844202,,,9781847208767,Science and Public Policy: The Virtuous Corruption of Virtual Environmental Science,Kellow A.,Science and Public Policy: The Virtuous Corruption of Virtual Environmental Science,2007-10-26,1,Book,Book,,,10.4337/9781847208767,University of Tasmania-Hobart-Australiax
85048652512,11700154347,15719197,,,Global Warming and Global Cooling: Evolution of Climate on Earth,Sorokhtin O.G.,Developments in Earth and Environmental Sciences,2007-01-01,5,Book Series,Review,,5,10.1016/S1571-9197(06)05001-4,
85047219316,13090,15311074,,,M stars as targets for terrestrial exoplanet searches and biosignature detection,Scalo J.,Astrobiology,2007-01-01,298,Journal,Review,,7,10.1089/ast.2006.0125,The University of Texas at Austin-Austin-United Statesx
84891478075,21100277798,,,0387303340,The quest for food: A natural history of eating,Brüssow H.,The Quest for Food: A Natural History of Eating,2007-01-01,22,Book,Book,,,10.1007/0-387-45461-6,
84884387204,21100380791,,,9780511546013,Climate change 2007 mitigation of climate change,Metz B.,Climate Change 2007 Mitigation of Climate Change,2007-01-01,414,Book,Book,,9780521880114,10.1017/CBO9780511546013,Netherlands Environmental Assessment Agency-Sierra Leonex
79952443442,21100273943,,,140204397X,Long-term variations in the galactic environment of the sun,Shaviv N.J.,Solar Journey: The Significance of Our Galactic Environment for the Heliosphere and Earth,2006-12-01,6,Book,Book Chapter,,,10.1007/1-4020-4557-3_5,Hebrew University of Jerusalem-Jerusalem-Israelx
33750087893,13602,09628436,,,Physical conditions on the early Earth,Lunine J.I.,Philosophical Transactions of the Royal Society B: Biological Sciences,2006-10-29,38,Journal,Conference Paper,,361,10.1098/rstb.2006.1900,The University of Arizona-Tucson-United Statesx
33750188815,13925,14348454,,,Gullies on Mars,Reiss D.,DLR Deutsches Zentrum fur Luft- und Raumfahrt e.V. - Forschungsberichte,2006-10-25,0,Book Series,Article,,,,Deutsches Zentrum für Luft- und Raumfahrt (DLR)-Koln-Germanyx
33748434639,27781,00046280,,,Astrophysics in 2005,Trimble V.,Publications of the Astronomical Society of the Pacific,2006-07-01,5,Journal,Article,,118,10.1086/506157,"University of California, Irvine-Irvine-United Statesx"
85115041783,21101059435,,,9780444510051,Meyler’s side effects of drugs: The international encyclopedia of adverse drug reactions and interactions,Aronson J.K.,Meyler’s Side Effects of Drugs 15E: The International Encyclopedia of Adverse Drug Reactions and Interactions,2006-01-06,139,Book,Book,,,,
33947528528,28261,00386308,15729672,,"Interstellar-terrestrial relations: Variable cosmic environments, the dynamic heliosphere, and their imprints on terrestrial archives and climate",Scherer K.,Space Science Reviews,2006-01-01,80,Journal,Article,,127,10.1007/s11214-006-9126-6,Ruhr-Universitat Bochum-Bochum-Germanyx
33751297101,13090,15311074,,,"The Astrobiology Primer: An outline of general knowledge - Version 1, 2006",Mix L.J.,Astrobiology,2006-01-01,26,Journal,Article,,6,10.1089/ast.2006.6.735,
33750487788,27181,01679295,,,Environmental context,Martin H.,"Earth, Moon and Planets",2006-01-01,13,Journal,Article,,98,10.1007/s11038-006-9090-x,"Laboratoire Magmas et Volcans, Clermont-Ferrand-Aubiere-Francex"
31744438271,20448,00179310,,,Heat transfer-A review of 2003 literature,Goldstein R.J.,International Journal of Heat and Mass Transfer,2006-01-01,83,Journal,Review,,49,10.1016/j.ijheatmasstransfer.2005.11.001,College of Science and Engineering-Minneapolis-United Statesx
84893407973,19700173023,16144961,,,The sun in time: Activity and environment,Güdel M.,Living Reviews in Solar Physics,2005-12-01,102,Journal,Article,,4,,Max Planck Institute for Astronomy-Heidelberg-Germanyx
27644539838,12959,01696149,,,Habitable zones in the universe,Gonzalez G.,Origins of Life and Evolution of the Biosphere,2005-12-01,58,Journal,Article,,35,10.1007/s11084-005-5010-8,Iowa State University-Ames-United Statesx
18844371962,27781,00046280,,,Astrophysics in 2004,Trimble V.,Publications of the Astronomical Society of the Pacific,2005-04-01,5,Journal,Article,,117,10.1086/429117,"University of California, Irvine-Irvine-United Statesx"
18144394377,13090,15311074,,,Beyond the principle of plentitude: A review of terrestrial planet habitability,Gaidos E.,Astrobiology,2005-04-01,37,Journal,Review,,5,10.1089/ast.2005.5.100,University of Hawaiʻi at Mānoa-Honolulu-United Statesx
17044421331,29466,14312174,,,Extraterrestrial hydrogeology,Baker V.R.,Hydrogeology Journal,2005-03-01,25,Journal,Review,,13,10.1007/s10040-004-0433-2,The University of Arizona-Tucson-United Statesx
13644252291,20448,00179310,,,Heat transfer - A review of 2002 literature,Goldstein R.J.,International Journal of Heat and Mass Transfer,2005-02-01,42,Journal,Review,,48,10.1016/j.ijheatmasstransfer.2004.10.011,College of Science and Engineering-Minneapolis-United Statesx
85013729990,21100591032,,,9780120883929,Earth as an Evolving Planetary System,Condie K.C.,Earth as an Evolving Planetary System,2005-01-01,214,Book,Book,,,10.1016/B978-0-12-088392-9.X5000-2,New Mexico Institute of Mining and Technology-Socorro-United Statesx
84929299807,21100412736,,,9780080533278,Handbook of Stable Isotope Analytical Techniques,de Groot P.A.,Handbook of Stable Isotope Analytical Techniques,2004-12-18,111,Book,Book,,,,
85144114536,21101126495,,,9780120883929,Earth as an Evolving Planetary System,Condie K.C.,Earth as an Evolving Planetary System,2004-01-01,4,Book,Book,,,10.1016/B978-0-12-088392-9.X5000-2,
77956745564,12000154530,01662635,,,Chapter 9 Towards a synthesis,Eriksson P.G.,Developments in Precambrian Geology,2004-01-01,23,Book Series,Book Chapter,,12,10.1016/S0166-2635(04)80011-2,
84942415009,21100410678,,,9780080548074,The Origin and Earliest History of the Earth,Halliday A.N.,Treatise on Geochemistry,2003-12-04,46,Book,Book Chapter,,1-9,10.1016/B0-08-043751-6/01070-7,ETH Zürich-Zurich-Switzerlandx
0242425707,26651,00664146,,,Evolution of a Habitable Planet,Kasting J.,Annual Review of Astronomy and Astrophysics,2003-11-24,407,Book Series,Conference Paper,,41,10.1146/annurev.astro.41.071601.170049,Pennsylvania State University-University Park-United Statesx
0242494274,26477,00167622,,,Mega geocycles: Echoes of astronomical events,Tiwari R.,Journal of the Geological Society of India,2003-08-01,2,Journal,Article,,62,,National Geophysical Research Institute India-Hyderabad-Indiax
84951277737,21100938126,,,0203221893,Cultuxres of disaster: Society and natural Hazard in the Philippines,Bankoff G.,Cultures of Disaster: Society and Natural Hazard in the Philippines,2003-01-01,249,Book,Book,,,10.4324/9780203221891,The University of Auckland-Auckland-New Zealandx
84929718031,21100392916,,,9780511535499,Life's solution: Inevitable humans in a lonely universe,Morris S.C.,Life's Solution: Inevitable Humans in a Lonely Universe,2003-01-01,240,Book,Book,,,10.1017/CBO9780511535499,University of Cambridge-Cambridge-United Kingdomx
0037176036,21101038510,01480227,,,"The case for rainfall on a warm, wet early Mars",Craddock R.A.,Journal of Geophysical Research: Planets,2002-11-25,435,Journal,Article,,107,10.1029/2001JE001505,"Smithsonian National Air and Space Museum-Washington, D.C.-United Statesx"
41549091200,28428,01480227,,,Continuous day and night aerosol optical depth observations in the Arctic between 1991 and 1999,Herber A.,Journal of Geophysical Research: Atmospheres,2002-05-27,136,Journal,Article,,107,10.1029/2001jd000536,Alfred-Wegener-Institut Helmholtz-Zentrum für Polar- und Meeresforschung-Bremerhaven-Germanyx
0037177570,23571,00368075,,,Climatology: The Sun's role in climate variations,Rind D.,Science,2002-04-26,233,Journal,Review,,296,10.1126/science.1069562,Columbia University-New York-United Statesx
0036755292,19348,00040843,,,A North American Arctic aerosol climatology using ground-based sunphotometry,Bokoye A.,Arctic,2002-01-01,13,Journal,Article,,55,10.14430/arctic706,Université de Sherbrooke-Sherbrooke-Canadax
0036736313,32805,02806509,,,Long-term evolution of the global carbon cycle: Historic minimum of global surface temperature at present,Franck S.,"Tellus, Series B: Chemical and Physical Meteorology",2002-01-01,26,Journal,Article,,54,10.1034/j.1600-0889.2002.201377.x,Potsdam Institut fur Klimafolgenforschung-Potsdam-Germanyx
0035538310,27781,00046280,,,Astrophysics in 2000,Trimble V.,Publications of the Astronomical Society of the Pacific,2001-09-01,8,Journal,Article,,113,10.1086/322844,"University of California, Irvine-Irvine-United Statesx"
0033841942,27522,00206814,19382839,,"Natural hazards: Geology, engineering, agriculture, and sociopolitical/humanitarian considerations for the twenty-first century",Smith J.V.,International Geology Review,2000-01-01,2,Journal,Article,,42,10.1080/00206810009465103,Center for Advanced Radiation Sources-Chicago-United Statesx
0033371425,22278,08838305,,,Late Ordovician glaciation under high atmospheric CO<inf>2</inf>: A coupled model analysis,Poussart P.F.,Paleoceanography,1999-01-01,62,Journal,Article,,14,10.1029/1999PA900021,University of Victoria-Victoria-Canadax
0032471294,27181,01679295,,,Habitable zone around other stars,Forget F.,"Earth, Moon and Planets",1998-12-01,12,Journal,Conference Paper,,81,10.1023/A:1006305004223,Laboratoire de Météorologie Dynamique-Palaiseau-Francex
6244228150,22568,13438832,18805981,,The impact of solar irradiance on the Maunder Minimum climate,Mendoza B.,"Earth, Planets and Space",1997-01-01,0,Journal,Article,,49,,Universidad Nacional Autónoma de México-Mexico-Mexicox
0031424451,34890,00221392,,,The impact of solar irradiance on the maunder minimum climate,Mendoza B.,Journal of Geomagnetism and Geoelectricity,1997-01-01,2,Journal,Article,,49,10.5636/jgg.49.957,Universidad Nacional Autónoma de México-Mexico-Mexicox
0029973706,23915,00032700,,,Infrared spectroscopy,McKelvy M.L.,Analytical Chemistry,1996-06-15,61,Journal,Review,,68,,University of Detroit Mercy-Detroit-United Statesx
0011475970,26651,00664146,,,The goldilocks problem: Climatic evolution and long-term habitability of terrestrial planets,Rampino M.,Annual Review of Astronomy and Astrophysics,1994-01-01,35,Book Series,Article,,32,10.1146/annurev.aa.32.090194.000503,New York University-New York-United Statesx
0027849118,22580,00128252,,,Earth's glacial record and its tectonic setting,Eyles N.,Earth Science Reviews,1993-01-01,389,Journal,Article,,35,10.1016/0012-8252(93)90002-O,University of Toronto-Toronto-Canadax
0027538885,27241,00191035,10902643,,Habitable Zones around Main Sequence Stars,Kasting J.,Icarus,1993-01-01,1722,Journal,Article,,101,10.1006/icar.1993.1010,Pennsylvania State University-University Park-United Statesx
